Manufacturernumber;Manufacturername
0 601 9K8 000;BOSCH
71222062000;FEIN
0 601 6B9 000;BOSCH
0 601 9K6 100;BOSCH
0 601 482 400;BOSCH
71293764000;FEIN
0 601 9H1 071;BOSCH
71132461000;FEIN
71300663000;FEIN
0 601 9J7 000;BOSCH
0 601 9D0 200;BOSCH
71161564000;FEIN
0 601 9L6 000;BOSCH
0 611 919 010;BOSCH
1000004280;ROTHENBERGER
EK120UNVCFB;GUSTAV KLAUKE GMBH
ESG105CFB;GUSTAV KLAUKE GMBH
0 601 6B5 000;BOSCH
0 601 B47 000;BOSCH
71293862000;FEIN
0 601 9J2 204;BOSCH
567477;FISCHER
EK12042CFB;GUSTAV KLAUKE GMBH
0 601 9H6 B00;BOSCH
71161563000;FEIN
0 601 9J8 500;BOSCH
0 601 9K3 300;BOSCH
71151061000;FEIN
0 601 5B2 001;BOSCH
71161566000;FEIN
71700461000;FEIN
0 601 9H5 202;BOSCH
0 601 482 200;BOSCH
71321164000;FEIN
EBS12CFB;GUSTAV KLAUKE GMBH
ES20CFB;GUSTAV KLAUKE GMBH
0 611 917 100;BOSCH
71220961000;FEIN
71151063000;FEIN
1000004276;ROTHENBERGER
71321161000;FEIN
EK135FTCFB;GUSTAV KLAUKE GMBH
0 601 6C1 100;BOSCH
71700464000;FEIN
71161561090;FEIN
0 601 9J4 200;BOSCH
0 601 482 100;BOSCH
0 601 9H6 F00;BOSCH
ESG25CFB;GUSTAV KLAUKE GMBH
0 601 8G2 001;BOSCH
0 601 9B5 401;BOSCH
0 611 909 000;BOSCH
71151261000;FEIN
ESG45CFB;GUSTAV KLAUKE GMBH
71221861000;FEIN
71151162000;FEIN
0 601 5A5 100;BOSCH
0 601 9H9 001;BOSCH
0 601 9H6 500;BOSCH
71151066000;FEIN
0 601 9K2 000;BOSCH
ES85CFB;GUSTAV KLAUKE GMBH
ESM50CFB;GUSTAV KLAUKE GMBH
ES65CFB;GUSTAV KLAUKE GMBH
71400362000;FEIN
0 601 9G0 309;BOSCH
71293762000;FEIN
0 601 9C4 001;BOSCH
92604203010;FEIN
EKM60IDCFB;GUSTAV KLAUKE GMBH
1000004266;ROTHENBERGER
0 601 482 000;BOSCH
0 601 9H5 302;BOSCH
71350161000;FEIN
0 601 9J8 000;BOSCH
71300661000;FEIN
0 601 9H6 100;BOSCH
0 601 6A5 004;BOSCH
71293863000;FEIN
EBS8CFB;GUSTAV KLAUKE GMBH
EKM6022CFB;GUSTAV KLAUKE GMBH
0 601 529 600;BOSCH
ES32RMCCFB;GUSTAV KLAUKE GMBH
1000004137;ROTHENBERGER
1000004267;ROTHENBERGER
71330161000;FEIN
EK12032CFB;GUSTAV KLAUKE GMBH
1000004132;ROTHENBERGER
71221961000;FEIN
0 601 B51 000;BOSCH
1000004293;ROTHENBERGER
0 601 9J0 200;BOSCH
0 601 5A6 100;BOSCH
71700462000;FEIN
0 601 9J0 300;BOSCH
71300563000;FEIN
567478;FISCHER
ESM25CFB;GUSTAV KLAUKE GMBH
0 601 482 500;BOSCH
71161665000;FEIN
ESGM45CFB;GUSTAV KLAUKE GMBH
0 601 9L5 000;BOSCH
ESG55CFB;GUSTAV KLAUKE GMBH
0 601 5B0 001;BOSCH
71400361000;FEIN
71161661090;FEIN
568511;FISCHER
1000004192;ROTHENBERGER
71221761000;FEIN
0 601 6B4 000;BOSCH
0 601 6C1 200;BOSCH
0 601 4A6 000;BOSCH
71380563000;FEIN
0 601 7B0 800;BOSCH
71293662000;FEIN
0 601 9J8 200;BOSCH
0 601 6A2 100;BOSCH
71151161000;FEIN
1000004165;ROTHENBERGER
LS100FLEXCFB;GUSTAV KLAUKE GMBH
0 601 9K7 000;BOSCH
ESG105RMCPCFB;GUSTAV KLAUKE GMBH
0 601 6C0 000;BOSCH
0 601 64J 000;BOSCH
0 601 9H6 000;BOSCH
71161461000;FEIN
71293763000;FEIN
71293869000;FEIN
1000004274;ROTHENBERGER
0 601 9H6 300;BOSCH
0 601 4A4 000;BOSCH
71360461000;FEIN
1000004127;ROTHENBERGER
0 601 9K3 200;BOSCH
0 601 7B0 400;BOSCH
71221361000;FEIN
ESG85CFB;GUSTAV KLAUKE GMBH
EK60VPCFB;GUSTAV KLAUKE GMBH
71293761000;FEIN
0 601 4A4 100;BOSCH
71161462000;FEIN
1000004166;ROTHENBERGER
EKM60UNVCFB;GUSTAV KLAUKE GMBH
LBOXXEKM60IDCFB;GUSTAV KLAUKE GMBH
0 601 926 300;BOSCH
71460161000;FEIN
71700465000;FEIN
71700466000;FEIN
1000004167;ROTHENBERGER
0 601 9G0 108;BOSCH
71221962000;FEIN
71230661000;FEIN
71040762000;FEIN
71300664000;FEIN
0 601 4A3 000;BOSCH
71293665000;FEIN
568512;FISCHER
0 601 9M1 000;BOSCH
71293661000;FEIN
1000004193;ROTHENBERGER
71293861000;FEIN
ES32FCFB;GUSTAV KLAUKE GMBH
0 601 9K6 202;BOSCH
71321064000;FEIN
71151262000;FEIN
0 601 9J4 100;BOSCH
71132462000;FEIN
71294061000;FEIN
EK60UNVCFB;GUSTAV KLAUKE GMBH
0 601 9C6 200;BOSCH
0 601 5B3 001;BOSCH
0 601 9J2 105;BOSCH
0 601 9H9 101;BOSCH
1000004712;ROTHENBERGER
0 601 6A8 102;BOSCH
0 601 2B7 000;BOSCH
EK120IDCFB;GUSTAV KLAUKE GMBH
0 601 372 201;BOSCH
71221661000;FEIN
0 601 2A6 500;BOSCH
1000004190;ROTHENBERGER
0 601 4A6 200;BOSCH
0 601 9H6 L01;BOSCH
RALB2EU;BOSCH
0 611 913 000;BOSCH
0 601 6B8 000;BOSCH
0 611 923 000;BOSCH
71380562000;FEIN
LBOXXEKM6022CFB;GUSTAV KLAUKE GMBH
0 601 9G3 40B;BOSCH
71902260000;FEIN
71321163000;FEIN
LBOXXEK354CFB;GUSTAV KLAUKE GMBH
1000004287;ROTHENBERGER
0 601 9F5 100;BOSCH
0 611 914 001;BOSCH
ES105CFB;GUSTAV KLAUKE GMBH
71151263000;FEIN
71161565000;FEIN
1000004126;ROTHENBERGER
0 601 9L0 100;BOSCH
71161567000;FEIN
71151064000;FEIN
71293870000;FEIN
71700361000;FEIN
0 601 9K4 000;BOSCH
RALB1EU;BOSCH
EK120UCFB;GUSTAV KLAUKE GMBH
71221561000;FEIN
0 601 B51 100;BOSCH
0 611 915 001;BOSCH
0 601 9H6 G00;BOSCH
71300662000;FEIN
71380262000;FEIN
71300561000;FEIN
71350162000;FEIN
EK6022CFB;GUSTAV KLAUKE GMBH
EK60VPFTCFB;GUSTAV KLAUKE GMBH
0 611 924 000;BOSCH
1000004186;ROTHENBERGER
71161561000;FEIN
1000004283;ROTHENBERGER
0 601 9H6 400;BOSCH
0 601 9C6 302;BOSCH
71221862000;FEIN
0 601 9C4 100;BOSCH
0 611 910 000;BOSCH
0 601 B43 000;BOSCH
71220761000;FEIN
0 601 9J5 101;BOSCH
71321061000;FEIN
71321162000;FEIN
71902360000;FEIN
71902460000;FEIN
1000004125;ROTHENBERGER
0 611 916 001;BOSCH
71321062000;FEIN
71330162000;FEIN
0 601 2A0 400;BOSCH
0 601 620 100;BOSCH
1000004133;ROTHENBERGER
EK354CFB;GUSTAV KLAUKE GMBH
RALB2US;BOSCH
0 611 920 000;BOSCH
0 601 9K6 000;BOSCH
71293663000;FEIN
71300564000;FEIN
0 600 8D2 000;BOSCH
ES20RMCCFB;GUSTAV KLAUKE GMBH
LS50FLEXCFB;GUSTAV KLAUKE GMBH
0 601 9H6 A00;BOSCH
1000004272;ROTHENBERGER
0 601 7B0 100;BOSCH
0 601 5B1 001;BOSCH
0 601 229 100;BOSCH
0 601 9H1 176;BOSCH
71151062000;FEIN
71321063000;FEIN
71902560000;FEIN
71040761000;FEIN
ESM35CFB;GUSTAV KLAUKE GMBH
71360462000;FEIN
0 601 4A3 100;BOSCH
71230561000;FEIN
71151065000;FEIN
ESM25ISB;GUSTAV KLAUKE GMBH
0 601 6B5 100;BOSCH
71380561000;FEIN
71161661000;FEIN
LGLB1EU;BOSCH
0 601 229 200;BOSCH
567476;FISCHER
0 601 2B4 001;BOSCH
71161562000;FEIN
0 611 921 001;BOSCH
71222061000;FEIN
71230461000;FEIN
0 601 9J4 002;BOSCH
71300562000;FEIN
92604204010;FEIN
ES32CFB;GUSTAV KLAUKE GMBH
0 601 9J5 001;BOSCH
71221662000;FEIN
71700463000;FEIN
0 601 9J8 300;BOSCH
;AAT
;SONLUX
;PERFECTPRO
;WAGNER
;TITAN
;STRAPEX
;MK
;BEPO
;FÃ–RCH
;PLANUM
;STEINEL
;AIRCRAFT
;MATO
;HONSEL
;LENA LIGHTING
;COX
;ORGAPACK
;BUDAKTOOLS
;SIGNODE
;LEISTER
;LEDLENSER
;BRENNENSTUHL
;KUMMERT
;ALMI
